group,mean_drop_r2,std_drop_r2,n_features
Workload,1.2104732099913216,0.012577875425343017,7
NonAI,0.111700950118613,0.0008000872917099333,26
AI,0.06724037885544445,0.00030831667658232315,12
